edit_history_tweet_ids, lang, id, created_at, author_id, text,,
1, en,1.90903E+18, 2025-04-06T23:46:24.000Z,1.30167E+18, RT @rmarkdown: Want to up your multivariate data analysis game? ?? Check out this great guide by @predictivehacks via @gitconnected: https:/…,,
2, en,1.90903E+18, 2025-04-06T23:44:26.000Z,338794276, RT @MashfordMahute: GIS professionals and data enthusiasts often find themselves choosing between different vector formats.\n\nCheck out the…,,
3, en,1.90903E+18, 2025-04-06T23:43:24.000Z,3103379825, RT @Python_Dv: Machine Learning Summarised https://t.co/bH9NOsvKWQ\n\n#python #datascience #machinelearning #deeplearning #ai #artificialinte…,,
4, en,1.90903E+18, 2025-04-06T23:42:40.000Z,324253117, RT @MashfordMahute: GIS professionals and data enthusiasts often find themselves choosing between different vector formats.\n\nCheck out the…,,
5, en,1.90903E+18, 2025-04-06T23:36:52.000Z,1.48663E+18, Randbetween() function to generate prize winners. #excel #dataanalytics #datascience #dataemgineer #techtok #fyp #foryou #trending #trend #fyf #followers https://t.co/5ZkgcmhNEh,,
6, en,1.90903E+18, 2025-04-06T23:34:29.000Z,1.86967E+18, Ouvert 24h/24 \n#Franceverte #gamedev #PSG\n#Annecy_live #RobloxDev #ViolencesPolicières #Programming  #DataScience #Macron #blocagetotal #Zelensky #poupettekenza #antireport #Programming #100DaysofCode #poupettekenza #3mmc #saintdenis\nTelegram:@Rvofficiel \nWhatsApp:+33605602958 https://t.co/U7Sfn0ZVqp,,
7, en,1.90903E+18, 2025-04-06T23:33:17.000Z,23619082, RT @gp_pulipaka: Learn Python Programming! #BigData #Analytics #DataScience #AI #MachineLearning #IoT #IIoT #PyTorch #Python #RStats #Tenso…,,
8, en,1.90903E+18, 2025-04-06T23:32:41.000Z,128425659, RT @Parajulisaroj16: Python is one of the most popular programming languages used for data science due to its powerful libraries and framew…,,
9, en,1.90903E+18, 2025-04-06T23:32:25.000Z,1295510298, RT @tjjofficialpage: Here are some professions that you can target if you want to earn big.\n#Jobs #Profession #developer #DataScience #MBA…,,
10, en,1.90903E+18, 2025-04-06T23:30:38.000Z,1.60893E+18, DM TO RECOVER YOUR GMAIL] — #MachineLearning from Scratch: https://t.co/zJr7gZLSMs\n—————\n#BigData #DataScience #Statistics #AI #DataMining #Mathematics #Algorithms #NeuralNetworks #DeepLearning #DataLiteracy #Python #DataScientists #100DaysOfCode https://t.co/XcTaOCm2fc,,
11, fr,1.90903E+18, 2025-04-06T23:29:51.000Z,1.86967E+18, Pureté \nWhatsApp:+33605602958 \n#Franceverte #gamedev #PSG\n#Annecy_live #RobloxDev #ViolencesPolicières #Programming  #DataScience #Macron #blocagetotal #Zelensky #poupettekenza #antireport #Programming #100DaysofCode #poupettekenza #3mmc #saintdenis https://t.co/tB9FfL4qgf,,
12, en,1.90903E+18, 2025-04-06T23:26:46.000Z,130962634, RT @Parajulisaroj16: R is a popular open-source programming language and software environment for statistical computing and graphics. https…,,
13, en,1.90902E+18, 2025-04-06T23:26:25.000Z,1.85226E+18, RT @tut_ml: FREE Data Science Courses- https://t.co/Z7hZW7e2Tk\n\n@KirkDBorne\n@antgrasso\n@ronald_vanloon\n#MachineLearning #DeepLearning #BigD…,,
14, en,1.90902E+18, 2025-04-06T23:21:46.000Z,1.85226E+18, RT @KirkDBorne: (*AMERICAN*) Football #Analytics with #Python and R — Learning #DataScience Through the Lens of Sports: https://t.co/8nUJ01…,,
15, en,1.90902E+18, 2025-04-06T23:17:58.000Z,1.4935E+18, RT @MashfordMahute: GIS professionals and data enthusiasts often find themselves choosing between different vector formats.\n\nCheck out the…,,
16, en,1.90902E+18, 2025-04-06T23:15:36.000Z,3405758517, RT @rmarkdown: Want to up your multivariate data analysis game? ?? Check out this great guide by @predictivehacks via @gitconnected: https:/…,,
17, en,1.90902E+18, 2025-04-06T23:15:00.000Z,1.90015E+18, For quality assignment help,DM us\n#Essays\n#Research\nExams\n#Onlineclass\n#Calculus\nChemistry\n#Thesis\n#Law\nFinance\n#Economics\nStas\n#Accounting\n#MachineLearning\n#DataScience\n#Python #Cybersecurity #BigData #AI #IoT #DeepLearning\n #NLP\n#javascript\n#robots\n\nHit our Bio for More info:) https://t.co/Nm8uUJy7Dl,
18, en,1.90902E+18, 2025-04-06T23:12:35.000Z,1.55489E+18, LLM Reinforcement Learning Fine-Tuning DeepSeek Method GRPO\n\nhttps://t.co/HHQ6Oef56E\n\n#development #PYTHON #ArtificialIntelligence #MachineLearning #Blockchain #Cybersecurity #CloudComputing #DataScience #English #AugmentedReality #Progressive #WebApps https://t.co/N0tZdOcoGB,,
19, en,1.90902E+18, 2025-04-06T23:12:29.000Z,1.86153E+18, If your account is Hacked, or your Account being tempered with, All you need is a Good hacker...\nInbox now for all Hacking Services\n#Hacked #icloud #snapchat #Discord\n#Roblox #missingphone #privacy\n#CyberSecurity #cyberattack #Linux\n#MachineLearning #DataScience https://t.co/Y9SeGd0U09
20, en,1.90902E+18, 2025-04-06T23:12:18.000Z,1.86153E+18, If your account is Hacked, or your Account being tempered with, All you need is a Good hacker...\nInbox now for all Hacking Services\n#Hacked #icloud #snapchat #Discord\n#Roblox #missingphone #privacy\n#CyberSecurity #cyberattack #Linux\n#MachineLearning #DataScience https://t.co/OsGEJzLcvA
